[
  {
    "control_percent": 2,
    "control_value": 40,
    "hq": false,
    "name": {
      "de": "Fachkenntnis-Kräuterwein",
      "en": "Commanding Craftsman's Draught",
      "fr": "Potion spiritueuse de maîtrise",
      "ja": "巨匠の薬酒"
    }
  },
  {
    "control_percent": 3,
    "control_value": 50,
    "hq": true,
    "name": {
      "de": "Fachkenntnis-Kräuterwein",
      "en": "Commanding Craftsman's Draught",
      "fr": "Potion spiritueuse de maîtrise",
      "ja": "巨匠の薬酒"
    }
  },
  {
    "control_percent": 2,
    "control_value": 34,
    "hq": false,
    "name": {
      "de": "Artisanentrank der Fachkenntnis",
      "en": "Commanding Craftsman's Syrup",
      "fr": "Potion de maîtrise",
      "ja": "巨匠の水薬"
    }
  },
  {
    "control_percent": 3,
    "control_value": 42,
    "hq": true,
    "name": {
      "de": "Artisanentrank der Fachkenntnis",
      "en": "Commanding Craftsman's Syrup",
      "fr": "Potion de maîtrise",
      "ja": "巨匠の水薬"
    }
  },
  {
    "control_percent": 2,
    "control_value": 20,
    "hq": false,
    "name": {
      "de": "Handwerkerlegenden-Tee",
      "en": "Commanding Craftsman's Tea",
      "fr": "Infusion de maîtrise",
      "ja": "巨匠の薬茶"
    }
  },
  {
    "control_percent": 3,
    "control_value": 25,
    "hq": true,
    "name": {
      "de": "Handwerkerlegenden-Tee",
      "en": "Commanding Craftsman's Tea",
      "fr": "Infusion de maîtrise",
      "ja": "巨匠の薬茶"
    }
  },
  {
    "control_percent": 2,
    "control_value": 50,
    "hq": false,
    "name": {
      "de": "Kräutertee für hehre Handwerker",
      "en": "Commanding Craftsman's Tisane",
      "fr": "Sérum de maîtrise",
      "ja": "巨匠の薬液"
    }
  },
  {
    "control_percent": 3,
    "control_value": 63,
    "hq": true,
    "name": {
      "de": "Kräutertee für hehre Handwerker",
      "en": "Commanding Craftsman's Tisane",
      "fr": "Sérum de maîtrise",
      "ja": "巨匠の薬液"
    }
  },
  {
    "craftsmanship_percent": 2,
    "craftsmanship_value": 40,
    "hq": false,
    "name": {
      "de": "Facharbeiter-Kräuterwein",
      "en": "Competent Craftsman's Draught",
      "fr": "Potion spiritueuse de virtuosité",
      "ja": "名匠の薬酒"
    }
  },
  {
    "craftsmanship_percent": 3,
    "craftsmanship_value": 50,
    "hq": true,
    "name": {
      "de": "Facharbeiter-Kräuterwein",
      "en": "Competent Craftsman's Draught",
      "fr": "Potion spiritueuse de virtuosité",
      "ja": "名匠の薬酒"
    }
  },
  {
    "craftsmanship_percent": 2,
    "craftsmanship_value": 33,
    "hq": false,
    "name": {
      "de": "Artisanentrank der Effizienz",
      "en": "Competent Craftsman's Syrup",
      "fr": "Potion de virtuosité",
      "ja": "名匠の水薬"
    }
  },
  {
    "craftsmanship_percent": 3,
    "craftsmanship_value": 41,
    "hq": true,
    "name": {
      "de": "Artisanentrank der Effizienz",
      "en": "Competent Craftsman's Syrup",
      "fr": "Potion de virtuosité",
      "ja": "名匠の水薬"
    }
  },
  {
    "craftsmanship_percent": 2,
    "craftsmanship_value": 20,
    "hq": false,
    "name": {
      "de": "Handwerkermeister-Tee",
      "en": "Competent Craftsman's Tea",
      "fr": "Infusion de virtuosité",
      "ja": "名匠の薬茶"
    }
  },
  {
    "craftsmanship_percent": 3,
    "craftsmanship_value": 25,
    "hq": true,
    "name": {
      "de": "Handwerkermeister-Tee",
      "en": "Competent Craftsman's Tea",
      "fr": "Infusion de virtuosité",
      "ja": "名匠の薬茶"
    }
  },
  {
    "craftsmanship_percent": 2,
    "craftsmanship_value": 50,
    "hq": false,
    "name": {
      "de": "Kräutertee für behände Handwerker",
      "en": "Competent Craftsman's Tisane",
      "fr": "Sérum de virtuosité",
      "ja": "名匠の薬液"
    }
  },
  {
    "craftsmanship_percent": 3,
    "craftsmanship_value": 63,
    "hq": true,
    "name": {
      "de": "Kräutertee für behände Handwerker",
      "en": "Competent Craftsman's Tisane",
      "fr": "Sérum de virtuosité",
      "ja": "名匠の薬液"
    }
  },
  {
    "cp_percent": 5,
    "cp_value": 17,
    "hq": false,
    "name": {
      "de": "Fachwissen-Kräuterwein",
      "en": "Cunning Craftsman's Draught",
      "fr": "Potion spiritueuse de capacité",
      "ja": "魔匠の薬酒"
    }
  },
  {
    "cp_percent": 6,
    "cp_value": 21,
    "hq": true,
    "name": {
      "de": "Fachwissen-Kräuterwein",
      "en": "Cunning Craftsman's Draught",
      "fr": "Potion spiritueuse de capacité",
      "ja": "魔匠の薬酒"
    }
  },
  {
    "cp_percent": 5,
    "cp_value": 13,
    "hq": false,
    "name": {
      "de": "Artisanentrank des Fachwissens",
      "en": "Cunning Craftsman's Syrup",
      "fr": "Potion de capacité",
      "ja": "魔匠の水薬"
    }
  },
  {
    "cp_percent": 6,
    "cp_value": 16,
    "hq": true,
    "name": {
      "de": "Artisanentrank des Fachwissens",
      "en": "Cunning Craftsman's Syrup",
      "fr": "Potion de capacité",
      "ja": "魔匠の水薬"
    }
  },
  {
    "cp_percent": 4,
    "cp_value": 10,
    "hq": false,
    "name": {
      "de": "Handwerkerkoryphäen-Tee",
      "en": "Cunning Craftsman's Tea",
      "fr": "Infusion de capacité",
      "ja": "魔匠の薬茶"
    }
  },
  {
    "cp_percent": 5,
    "cp_value": 13,
    "hq": true,
    "name": {
      "de": "Handwerkerkoryphäen-Tee",
      "en": "Cunning Craftsman's Tea",
      "fr": "Infusion de capacité",
      "ja": "魔匠の薬茶"
    }
  },
  {
    "cp_percent": 5,
    "cp_value": 21,
    "hq": false,
    "name": {
      "de": "Kräutertee für herausragende Handwerker",
      "en": "Cunning Craftsman's Tisane",
      "fr": "Sérum de capacité",
      "ja": "魔匠の薬液"
    }
  },
  {
    "cp_percent": 6,
    "cp_value": 27,
    "hq": true,
    "name": {
      "de": "Kräutertee für herausragende Handwerker",
      "en": "Cunning Craftsman's Tisane",
      "fr": "Sérum de capacité",
      "ja": "魔匠の薬液"
    }
  }
]